<templates id="template" xml:space="preserve">
    <t t-name="ob_website_calender_booking.calendar_booking_modal">
        <div class="modal fade" id="oe_website_calendar_modal">
            <div class="modal-dialog modal-content">
                <div class="modal-header alert alert-info mb0">
                    <button type="button" class="close" data-dismiss="modal">
                        <span aria-hidden="true">x</span>
                    </button>
                    <h4 class="modal-title">Enter Booking Details</h4>
                </div>
                <div class="modal-body">
                    <form method="GET" action="/book/calendar/create">
                        <div class="form-group">
                            <label for="name">Name</label>
                            <input name="name" type="text" class="form-control"/>
                        </div>
                        <div class="form-group">
                            <label for="email">Email</label>
                            <input name="email" type="email" class="form-control"/>
                        </div>
                        <div class="form-group">
                            <label for="comment">Comment</label>
                            <textarea name="comment" class="form-control"/>
                        </div>
                        <input type="hidden" name="start" id="booking_form_start" />
                        <input type="hidden" name="calendar_id" id="booking_form_calendar_id" />
                        <input type="submit" class="btn btn-primary btn-lg" value="Create Booking"/>
                    </form>
                </div>
                <!--<div class="modal-footer">
		    <button id="cancel" data-dismiss="modal" class="btn btn-primary">Cancel</button>
		    <button id="submit_calendar_booking"  class="btn btn-danger">Submit</button>
                </div>-->
            </div>
        </div>
    </t>

</templates>